link,title
/nby/npo/5794696931.html,Supported Living Counselor
/sby/npo/5794648153.html,Program/Intake Coordinator - Rapid Rehousing (Ky Le)
/sby/npo/5794640790.html,Housing Specialist - Rapid Rehousing (Ky Le)
/sby/npo/5794633311.html,Employment/Education Case Manager PT - Rapid Rehousing (Ky Le)
/nby/npo/5794626632.html,Awake Overnight Residential Counselor - Short-Term Mental Health
/sby/npo/5794621209.html,Case Manager - Rapid Rehousing (Ky Le)
/nby/npo/5794620092.html,Wraparound Clinician - Provide community-based services for youth!
/sby/npo/5794617376.html,Clinician - Therapeutic Behavioral Services (TBS)
/nby/npo/5794616664.html,Make a Difference - Join our Team!
/sby/npo/5794615961.html,Bilingual Clinician - Support and Enhancement Services (SES)
/nby/npo/5794615834.html,Flexible Hours Caregiving Position - Santa Rosa
/nby/npo/5794615003.html,Flexible Hours Caregiving Position - Sonoma/Napa
/nby/npo/5794614251.html,Make your Mark - Join our Team as an Employment Specialist
/eby/npo/5794613060.html,Awake Overnight Crisis Clinician - Support youth and families!
/eby/npo/5794611372.html,Clinician - Therapeutic Behavioral Services (TBS)
/eby/npo/5794607800.html,Counselor - Partial Hospitalization Program (PHP) for Adolescents
/eby/npo/5794604658.html,Behavioral Coach - Support youth and families in the community!
/sfc/npo/5794601929.html,Assistant Director of Clinical Services
/sby/npo/5794601177.html,Development Associate
/pen/npo/5794600486.html,Medical Records Assistant
/eby/npo/5794572939.html,Administrative Assistant
/eby/npo/5794572172.html,After-School Program Instructor (Visual Art)
/eby/npo/5794568181.html,After-School Program Instructor (STEM)
/eby/npo/5794556441.html,HOUSING COORDINATOR
/eby/npo/5794542805.html,Campaign Position with Amnesty International! Fight for Human Rights!!
/sfc/npo/5794538380.html,DIRECTOR OF PROGRAMS
/sfc/npo/5794531436.html,"PROGRAM MANAGER - ASW or MFTI REQUIRED - $10,000 SIGN ON BONUS"
/eby/npo/5794476129.html,Accountant / Finance Director
/sby/npo/5794466204.html,Muliple Family Specialist Positions (San Jose and Campbell)
/eby/npo/5794419235.html,"Research Associate II - 1617 - Fremont, CA"
/sfc/npo/5794416008.html,Case Manager (Spanish Bilingual)
/sfc/npo/5794413707.html,Family Support Coordinator
/eby/npo/5794413592.html,Substitute Special Education Teacher
/nby/npo/5794393492.html,Direct Support Staff - Behavioral Adult Day Program
/nby/npo/5794390525.html,Direct Support Staff - Adult Day Program
/sfc/npo/5794367075.html,FRONT DESK /OFFICE ASSISTANT Temporary& Temp to Hire
/sfc/npo/5794356651.html,"Bilingual Caseworker, Madarin/ Cantonese"
/eby/npo/5794348402.html,Case Workers Needed
/nby/npo/5794346710.html,Staff Psychologist
/sby/npo/5794338292.html,Compliance Coordinator
/eby/npo/5794333784.html,Health Education Specialist - Project Position
/sfc/npo/5794301159.html,Porter I/ Dishwasher
/scz/npo/5794300340.html,Gain Experience ★Earn $ ★Start Making Change Today-Avg $10-15/hr
/sfc/npo/5794299359.html,Senior Site Coordinator
/sfc/npo/5794297252.html,Cook II
/nby/npo/5794290397.html,Grants Manager
/sfc/npo/5794275392.html,Data & Evaluation Manager
/pen/npo/5794269244.html,Accounts Receivable Assistant
/sfc/npo/5794206746.html,Jewish Urban Farming Fellowship
/nby/npo/5794187199.html,Become an AmeriCorps VIP Fellow!
/nby/npo/5794186381.html,Become an AmeriCorps VIP Fellow!
/nby/npo/5794141125.html,Care Partner
/pen/npo/5794085652.html,"Section 8 Contract Analyst $5,000 Hire On Bonus"
/eby/npo/5794064412.html,*Fight for Human Rights! Campaign Position with Amnesty International!
/eby/npo/5794045959.html,Community-Based Teacher/Instructor Wanted:
/sfc/npo/5794007886.html,UCSF Peer Counselor Position
/eby/npo/5793988295.html,Program Supervisor
/eby/npo/5793986876.html,▶BUILD A TEAM OF ACTIVISTS TO RECLAIM OUR DEMOCRACY!Avg pay $11-$16/hr
/scz/npo/5793984149.html,Counselor
/eby/npo/5793981553.html,Case Manager-SIL Program
/eby/npo/5793977361.html,Housing Assistant
/eby/npo/5793945582.html,Administrative Associate
/pen/npo/5793939504.html,"Clinical Supervisor, Bilingual, Senior Peer Counseling"
/sfc/npo/5793925377.html,Bilingual Assistant Program Director-Compass Children's Center
/eby/npo/5793893191.html,Free Hiring Seminar // September 23rd // 10am
/sby/npo/5793851518.html,Community Training Instructor
/sby/npo/5793847724.html,ILS Instructor - Communication Aide
/eby/npo/5793842215.html,"Intervention Specialist (PT) Alameda, Contra Costa & Solano"
/eby/npo/5793825433.html,HIRING FAIR FOR CAREGIVERS! SEPT 23RD AT 10:00AM!
/eby/npo/5793808359.html,"Intervention Specialist (PT) Alameda, Contra Costa & Solano"
/eby/npo/5793759599.html,Intervention Specialist (part-time)
/eby/npo/5793743119.html,Core Program Coordinator
/sfc/npo/5793690092.html,"Administrative and Development Assistant, Senior-Level [PT]"
/sby/npo/5793665811.html,Camp Counselor- An Unforgettable Experience
/eby/npo/5793592930.html,Communications Coordinator
/sfc/npo/5793314222.html,LEAD AV TECHNICIANS WANTED
/sfc/npo/5793314052.html,A/V TECHNICIANS WANTED
/sfc/npo/5793313474.html,Non-profit Tax Preparer and Accountant Wanted
/eby/npo/5793209324.html,Program Assisant
/eby/npo/5793204001.html,Resource Center Specialist
/eby/npo/5793201566.html,HIRING FAIR FOR CAREGIVERS! SEPT 23RD AT 10:00AM!
/eby/npo/5793195545.html,HIRING FAIR FOR CAREGIVERS! SEPT 23RD AT 10:00AM!
/eby/npo/5793191662.html,HIRING FAIR FOR CAREGIVERS! SEPT 23RD AT 10:00AM!
/eby/npo/5793142535.html,Social Worker - Certification Specialist
/sfc/npo/5793052691.html,Health & Nutrition Manager
/sfc/npo/5793047438.html,Residential Support Staff (Counselors)
/sfc/npo/5793039136.html,On-Call Residential Support Consultants
/sby/npo/5793033216.html,"Grants, Gifts & Compliance Associate Temp"
/sfc/npo/5793019454.html,Bi-Lingual Case Manager
/nby/npo/5792951067.html,Wraparound Clinician: Community-Based Program Supporting Youth!
/nby/npo/5792950443.html,Youth Counselor - Work with youth in the community!
/sfc/npo/5792948205.html,Visitation Counselor - Work with youth and families!
/eby/npo/5792947062.html,Behavioral Coach - Support youth in your community!
/sby/npo/5792946231.html,Clinician - Intensive Treatment Foster Care (Support youth!)
/nby/npo/5792945988.html,Day Program Coordinator
/sby/npo/5792945083.html,Health Information Specialist - Help support youth and families!
/nby/npo/5792938153.html,Mental Health Rehabilitation Worker
/sfc/npo/5792938117.html,Dog rescue seeking Adoptions Manger
/eby/npo/5792932378.html,Program Supervisor - Lead a program that supports probation youth!
/eby/npo/5792931439.html,Clinician - Intensive Treatment Foster Care services for youth
